Name,Official Website
3M,http://news.3m.com/press-release/company/3m-completes-acquisition-arizant-inc
A. O. Smith,http://dmliefer.ru/content/ao-smith-century-electric
Abbott,
AbbVie,http://www.streetinsider.com/Corporate+News/AbbVie+(ABBV)+Announces+Completion+of+Pharmacyclics+Acquisition/10594347.html
Accenture,https://newsroom.accenture.com/fact-sheet/
Activision Blizzard,http://patentarcade.com/2019/02/worlds-inc-v-bungie-inc.html
ADM,
Adobe Inc.,https://authority.bibsys.no/authority/rest/authorities/html/90345785
ADP,
Advance Auto Parts,https://corp.advanceautoparts.com/about/history.asp
AES Corporation,http://aes.com/
Aflac,https://www.aflac.com/about-aflac/our-company/our-history.aspx
Agilent Technologies,http://www.hpalumni.org/hp_history.htm
Air Products and Chemicals,http://www.prnewswire.com/news-releases/air-products-named-a-maplecroft-climate-innovation-indexes-ciis-leader-82724847.html
Akamai,http://www.akamai.com/dl/technical_publications/network_overview_osr.pdf
Alaska Air Group,http://www.alaskaair.com/as/www2/company/Fleet/Fleet.asp
Albemarle Corporation,http://edgar.secdatabase.com/2553/91591399000005/filing-main.htm
Alexandria Real Estate Equities,https://www.xconomy.com/new-york/2016/06/08/alexandria-sets-up-incubator-25m-seed-fund-for-ny-bio-startups/
Align Technology,https://www.wsj.com/articles/SB98053025851761714
Allegion,http://investor.allegion.com/releasedetail.cfm?releaseid=817818
Alliant Energy,https://alliantenergy.wordpress.com/2016/04/04/thinking-of-driving-an-electric-vehicle/
Allstate,http://www.allstatenewsroom.com/channels/History-and-Timeline/pages/history-timeline
Alphabet Inc. (Class A),https://www.wikidata.org/wiki/Q20800404#identifiers
Alphabet Inc. (Class C),https://www.wikidata.org/wiki/Q20800404#identifiers
Altria,http://www.altria.com/contact_us/default.asp?src=home
Amazon,https://www.businessinsider.com/amazon-employees-number-1-of-153-us-workers-head-count-2021-7
Amcor,http://www.newstatesman.com/business-food-and-drink/2010/02/businesses-global-amcor
AMD,https://books.google.com/books?id=i3MLYUjRWisC&pg=SA4-PA36
Ameren,http://www.ameren.com/Media/Pages/FactsaboutAmeren.aspx
American Airlines Group,http://www.bizjournals.com/charlotte/news/2012/01/26/us-airways-ceo-confirms-interest-in.html
American Electric Power,http://www.rtknet.org/new/tox100/toxic100.php?company1=1233&chemfac=chem&advbasic=bas
American Express,https://catalogue.bnf.fr/ark:/12148/cb15155659k
American International Group,http://news.bbc.co.uk/2/hi/business/7621574.stm
American Tower,http://americantower.com/
American Water Works,http://www.amwater.com/
Ameriprise Financial,http://investmentasia.net/retail-funds/news/threadneedle-acquires-world-express-funds
AmerisourceBergen,http://www.amerisourcebergen.com/investor/phoenix.zhtml?c=61181&p=irol-newsArticle&ID=203110
Ametek,http://www.ametek.com/about/index.aspx
Amgen,http://www.amgen.com/
Amphenol,https://www.amphenol-gis.com/amphenol/
Analog Devices,http://www.analog.com/en/corporate/historical-timeline/content/index.html
Ansys,http://www.develop3d.com/reviews/review-ansys-workbench-15
Aon,https://www.nyse.com/quote/XNYS:AON
APA Corporation,https://www.nytimes.com/1981/03/05/business/market-place-the-apache-partnership.html
Apple Inc.,https://www.sec.gov/ix?doc=/Archives/edgar/data/0000320193/000032019324000123/aapl-20240928.htm
Applied Materials,http://www.appliedmaterials.com/news/articles/applied-materials-appoints-omkaram-nalamasu-chief-technology-officer
Aptiv,http://www.peri.umass.edu/Toxic-100-Table.265.0.html
Arch Capital Group,https://www.archcapgroup.com/About-Arch
Arista Networks,http://eos.aristanetworks.com/2011/08/management-over-xmpp/
Arthur J. Gallagher & Co.,http://www.ajg.com/
Assurant,https://www.assurant.com/NewsRoom/AllNews/NewsReleases/1999/August/Fortis-completes-acquisition-of-American-Bankers-Insurance-Group-ABI
AT&T,https://www.eff.org/who-has-your-back-2017
Atmos Energy,http://www.pipelineandgasjournal.com/gas-training-takes-giant-leap-forward
Autodesk,http://www.autodesk.com/mediaandentertainment
AutoZone,http://www.autozoneinc.com/about_us/our_company/index.html
AvalonBay Communities,https://www.wsj.com/articles/SB889398509220351500
Avery Dennison,https://www.averydennison.com/
Baker Hughes,https://www.cnbc.com/2016/05/01/halliburton-baker-hughes-set-to-terminate-35b-deal-source.html
Ball Corporation,http://data.rtknet.org/tox100/index.php?search=yes&sortp=&company1=2523&chemfac=chem&advbasic=bas
Bank of America,https://www.bankofamerica.com/
"Bath & Body Works, Inc.",http://www.philly.com/inquirer/business/20070710_Limited_Brands_spins_off_last_of_its_apparel_stores.html
Baxter International,http://www.kypost.com/content/news/commonwealth/story/Conway-Announces-Multi-Million-Dollar-Settlement/srxPJ5GaiU2gqFfhozY9-g.cspx
Becton Dickinson,http://www.epa.gov/greenpower/toplists/fortune500.htm
Berkley,
Berkshire Hathaway,https://www.cnbc.com/2016/11/14/buffetts-berkshire-takes-stakes-in-four-major-airlines.html
Best Buy,http://www.startribune.com/opinion/commentaries/198546011.html
Bio-Rad,http://www.genengnews.com/gen-news-highlights/bio-rad-acquires-abd-serotec-from-morphosys/81247777/
Bio-Techne,https://www.bio-techne.com/
Biogen,http://www.fool.com/investing/general/2014/04/07/does-biogen-idec-inc-have-a-new-blockbuster-hemoph.aspx
BlackRock,https://foe.org/news/new-report-confirms-blackrocks-big-fossil-fuel-problem/
BNY Mellon,"http://business.guardian.co.uk/story/0,,1963954,00.html"
Boeing,http://www.boeing.com/company/general-info/
Booking Holdings,http://www.businessinsider.com/priceline-jeff-boyd-2012-1
BorgWarner,https://www.autonews.com/article/20180611/OEM02/180619977/growth-key-for-next-borgwarner-ceo
Boston Properties,https://www.nyse.com/quote/XNYS:BXP
Boston Scientific,https://web.archive.org/web/20160226180051/http://www.bostonscientific.com/en-US/products/defibrillators/emblem-s-icd-system.html
Bristol Myers Squibb,http://www.busrep.co.za/index.php?fSectionId=565&fArticleId=3367635
Broadcom Inc.,http://www.contracostatimes.com/news/ci_24735867/avago-offers-6-6-billion-san-jose-chipmaker
Broadridge Financial Solutions,http://broadridge.com/
Brown & Brown,https://www.nyse.com/quote/XNYS:BRO
BrownForman,http://www.just-drinks.com/article.aspx?ID=92353&lk=fs
Bunge Limited,http://www.insideindianabusiness.com/newsitem.asp?id=2359
C.H. Robinson,http://mobile.businessinsider.com/goldman-sachs-thinks-these-are-the-ten-highest-quality-stocks-in-the-world-2011-10
Cadence Design Systems,http://ece-www.colorado.edu/~ecen5007/software.html
Caesars Entertainment,http://www.goerie.com/mtr-gaming-merger-with-eldorado-now-official
Camden Property Trust,https://www.bizjournals.com/dallas/stories/1997/04/28/story5.html
Campbell Soup Company,http://www.campbellsoupcompany.com/faqs.asp
Capital One,http://www.occ.treas.gov/news-issuances/memos-advisory-letters/2012/capitalone_ing_101712.pdf
Cardinal Health,http://www.healthcareitnews.com/news/cardinal-health-name-spinoff-after-carefusion-line-announces-amended-consent-decree
CarMax,http://www.carmaxauctions.com/
Carnival,http://blogs.reuters.com/faithworld/2011/03/09/istanbul-celebrates-carnival-after-nearly-70-years/
Carrier Global,http://www.pressconnects.com/story/money/2016/01/22/carrier-announces-layoffs-dewitt/79158184/
Catalent,https://www.fiercepharma.com/manufacturing/catalent-extends-expansion-130m-deal-for-juniper-pharmaceuticals
Caterpillar Inc.,http://inventors.about.com/od/bstartinventions/a/bulldozer.htm
Cboe Global Markets,https://markets.cboe.com/us/equities/listings/listed_products/symbols/CBOE
CBRE Group,https://viaf.org/viaf/128267868
CDW,http://www.cdw.com/
Celanese,http://www.icis.com/Articles/2010/03/29/9345518/celanese-health-and-safety-culture-is-zero-tolerance.html
Centene Corporation,http://www.centene.com/
CenterPoint Energy,http://www.centerpointenergy.com/about/contact/
Ceridian,http://diginomica.com/2015/03/06/ceridian-primes-customers-embrace-cloud-hcm/
CF Industries,http://ir.cfindustries.com/phoenix.zhtml?c=190537&p=irol-homeProfile&t=&id=&
Charles River Laboratories,http://www.criver.com/fr-FR/AboutUs/CRGlance/Pages/home.aspx
Charles Schwab Corporation,https://books.google.com/books?id=5Og1VaPhkwwC
Charter Communications,http://phx.corporate-ir.net/phoenix.zhtml?c=112298&p=irol-newsArticle&ID=834461&highlight=
Chevron Corporation,http://www.castagra.com/2014/10/evolution-5-oil-gas-logos/
Chipotle Mexican Grill,http://www.sptimes.com/2007/11/24/Business/Chipotle_chalks_up_su.shtml
Chubb Limited,http://www.businessinsurance.com/cgi-bin/page.pl?pageId=675
Church & Dwight,http://www.nj.com/mercer/index.ssf/2011/08/church_dwight_picks_new_home_i.html
Cigna,http://www.opensecrets.org/lobby/clientsum.php?year=2009&lname=Cigna+Corp&id=
Cincinnati Financial,https://cincinnatifinancialcorporation.gcs-web.com/static-files/b2544238-5091-4ef5-9127-38f5e671280b
Cintas,https://www.cintas.com/company/corporate_profile/
Cisco,http://www.cisco.com/web/about/ac49/ac0/ac1/ac259/sourcefire.html
Citigroup,https://www.wsj.com/articles/SB10000872396390443854204578060280201488530
Citizens Financial Group,http://www.theherald.co.uk/business/news/display.var.2263257.0.Royal_Bank_under_investigation_over_US_subprime_loans.php
Clorox,http://investors.thecloroxcompany.com/releasedetail.cfm?releaseid=222798
CME Group,http://investor.cmegroup.com/investor-relations/releasedetail.cfm?ReleaseID=714182
CMS Energy,http://cmsenergy.com/about-cms-energy/leadership/officers/
Coca-Cola Company (The),http://www.ft.com/cms/s/0/daf851e8-1327-11de-a170-0000779fd2ac.html
Cognizant,http://www.business-standard.com/india/news/cognizant-back-in-searchsatyam/353949/
Colgate-Palmolive,http://www.workingmother.com/colgate-palmolive
Comcast,http://consumerist.com/2014/04/08/congratulations-to-comcast-your-2014-worst-company-in-america/
Comerica,http://www.prnewswire.com/news-releases/comerica-celebrates-150-years-of-banking-77059502.html
Conagra Brands,http://www.heartlandconnection.com/news/story.aspx?id=830117
ConocoPhillips,https://www.reuters.com/article/us-conocophillips-venezuela/venezuela-must-pay-conoco-more-than-8-billion-world-bank-idUSKCN1QP20V
Consolidated Edison,http://www.coned.com/newsroom/news/pr20071227.asp
Constellation Brands,http://topclassactions.com/lawsuit-settlements/lawsuit-news/1587-french-pinot-noir-class-action-settlement/
Constellation Energy,http://today.reuters.com/news/articleinvesting.aspx?type=companyNews&storyid=164813+25-Oct-2006+RTRS&WTmodLoc=BizArt-L1-CompanyNews-4
CooperCompanies,http://coopervision.com/
Copart,http://www.hoovers.com/company-information/cs/company-profile.Copart_Inc.6ac2a0902ab29b10.html
Corning Inc.,http://edgar.secdatabase.com/382/95014694000007/filing-main.htm
Corteva,https://www.prnewswire.com/news-releases/corteva-agriscience-agriculture-division-of-dowdupont-provides-pipeline-update-300804201.html
CoStar Group,https://www.bizjournals.com/losangeles/news/2017/02/02/westside-rentals-finds-new-home-at-apartments-com.html
Costco,http://www.thestreet.com/story/10627534/1/costco-nixes-coke-products-over-pricing-dispute.html
Coterra,https://www.theguardian.com/environment/2014/jan/29/vera-scroggins-fracking-activist-pennsylvania
Crown Castle,https://dealbook.nytimes.com/2012/09/28/t-mobile-sells-rights-to-towers-for-2-4-billion/?ref=crowncastleinternationalcorporation
CSX,http://www.railwayage.com/index.php/blogs/william-vantuono/so-what-does-the-x%E2%80%9D-in-csx%E2%80%9D-really-mean.html?channel=00
Cummins,http://www.livemint.com/Industry/TQyvnr5rGaBXax1OED60lM/Innovation-pays-off-for-Cummins.html
CVS Health,http://www.cvshealth.com/our-businesses/cvspharmacy
D.R. Horton,http://www.seattletimes.com/business/real-estate/dr-horton-to-buy-pacific-ridge-homes-in-seattle-area-expansion/
Danaher Corporation,http://findarticles.com/p/articles/mi_gx5202/is_2006/ai_n19123608/
Darden Restaurants,http://custom.marketwatch.com/custom/nyt-com/html-companyprofile.asp?MW=http://marketwatch.nytimes.com/custom/nyt-com/html-companyprofile.asp&symb=DRI&sid=14574#compinfo
DaVita Inc.,https://www.nyse.com/quote/XNYS:DVA
John Deere,http://www.chicagochronicle.com/index.php/sid/224785739
Delta Air Lines,http://multivu.prnewswire.com/mnr/delta/45973/
Dentsply Sirona,http://findarticles.com/p/articles/mi_m0EIN/is_1994_Nov_23/ai_15905556/
Devon Energy,https://www.nytimes.com/1992/02/29/business/company-news-hondo-oil-offer.html
Dexcom,https://www.dexcom.com/
Diamondback Energy,https://www.diamondbackenergy.com/
Digital Realty,https://www.gipartners.com/real-estate/investment/digital-realty
Discover Financial,http://investorrelations.discoverfinancial.com/phoenix.zhtml?c=204177&p=irol-newsArticle&ID=1005864&highlight
Dish Network,http://www.dishnetwork.com/downloads/pdf/user_guides_and_manuals/installation/117595_01_RV_Pointing_Table.PDF
Disney,https://web.archive.org/web/20131103224328/http://www.hollywoodreporter.com/news/disney-muppets-jason-segel-amy-adams-jim-henson-250805?page=3
Dollar General,http://newscenter.dollargeneral.com/article_display.cfm?article_id=1633
Dollar Tree,http://www.businesssun.com/index.php/sid/224867655m
Dominion Energy,http://yosemite.epa.gov/opa/admpress.nsf/eebfaebc1afd883d85257355005afd19/a5f10f4e71769df6852573b4007d0eb8!OpenDocument
Domino's,http://phx.corporate-ir.net/phoenix.zhtml?c=135383&p=irol-newsArticle&ID=1101795
Dover Corporation,http://dividendmonk.com/dover-corporation-dov-dividend-stock-analysis-2011/
Dow Inc.,http://www.invent.org/hall_of_fame/45.html
DTE Energy,http://www.dteenergy.com/
Duke Energy,http://www.uniongas.com/
DuPont,http://cen.acs.org/articles/95/i35/Historic-DowDuPont-merger-nears.html
DXC Technology,https://www.spglobal.com/spdji/en/documents/indexnews/announcements/20230928-1466640/1466640_554-k-dhr-armk.pdf
Eastman Chemical Company,http://www.scorecard.org/env-releases/facility.tcl?tri_id=37662TNNSSEASTM
Eaton Corporation,http://ewweb.com/mag/electric_eaton_buys_delta/index.html
eBay,https://www.telegraph.co.uk/finance/personalfinance/8451898/The-history-of-eBay.html
Ecolab,http://tcbmag.blogs.com/daily_developments/2012/05/bill-gates-gets-ok-to-up-stake-in-ecolab-to-25.html
Edison International,http://www.businessweek.com/investor/content/aug2001/pi2001089_713.htm
Edwards Lifesciences,https://www.nyse.com/quote/XNYS:EW
Electronic Arts,http://www.gamepro.com/article/news/220014/e3-eas-press-conference-the-round-up/
Elevance Health,http://seminal.firedoglake.com/diary/8735
Eli Lilly and Company,http://www.lilly.com/
Emerson Electric,http://www.peri.umass.edu/toxic100_index/
Enphase,http://www.greentechmedia.com/articles/read/Enphase-Dominates-the-Microinverter-Channel-Wheres-the-Competition
Entergy,http://www.entergy.com/about_entergy/anniversary100.aspx
EOG Resources,https://www.wsj.com/articles/SB932495032901974902
EPAM Systems,https://www.nyse.com/quote/XNYS:EPAM
EQT,https://www.bloomberg.com/news/articles/2016-05-26/buyout-fund-eqt-starts-632-million-venture-arm-targeting-europe
Equifax,http://www.consumeraffairs.com/news03/equifax.html
Equinix,http://www.datacenterdynamics.com/design-strategy/equinix-partners-with-indonesian-firm-for-jakarta-data-center/70057.fullarticle
Equity Residential,https://www.sec.gov/Archives/edgar/data/906107/000120677403000308/d12420.htm
Essex Property Trust,https://www.bizjournals.com/sanjose/news/2014/11/14/george-marcus-silicon-valley-real-estate-icon-on.html
Est?e Lauder Companies (The),http://www.snopes.com/inboxer/boycotts/lauder.asp
Etsy,http://www.unionsquareventures.com/2006/06/etsy_1.html
Everest Re,http://www.fundinguniverse.com/company-histories/the-prudential-insurance-company-of-america-history/
Evergy,https://www.jstor.org/action/doBasicSearch?Query=%22Evergy%22&acc=on&wc=on
Eversource,https://www.bostonglobe.com/business/2015/02/02/nstar-becoming-eversource-energy-here-what-you-should-know/bAgbQeWDirM0BiJ6QnFLRI/story.html
Exelon,https://www.washingtonpost.com/business/capitalbusiness/pepco-exelon-commit-to-pursuing-merger/2015/08/31/00ae9834-5016-11e5-8c19-0b6825aa4a3a_story.html
Expedia Group,https://www.wsj.com/articles/DJFVW00020121221e8clp96db
Expeditors International,https://web.archive.org/web/20110830114349/http://www.investor.expeditors.com/fdArch.asp
Extra Space Storage,https://www.nyse.com/quote/XNYS:EXR
ExxonMobil,http://www.energy-daily.com/reports/Big_US_Pension_Fund_Joins_Critics_Of_ExxonMobil_Climate_Stance_999.html
"F5, Inc.",http://www.alacrastore.com/storecontent/Thomson_Venture_Economics/F5_Networks_Inc_AKA_F5_Labs_Inc-Y45115
FactSet,http://www.factset.com/about/history
Fastenal,http://fortune.com/fortune500/fastenal/
Federal Realty,https://www.bizjournals.com/washington/news/2012/01/04/federal-realty-buys-in-el-segundo.html
FedEx,http://www.iata.org/ps/publications/wats-freight-km.htm
Fifth Third Bank,http://www.toledoblade.com/Opinion/2002/04/02/That-funny-name-for-a-bank-has-grown-on-us.html
First Republic Bank,https://www.wikidata.org/wiki/Q5453752#identifiers
First Solar,"http://www.spiegel.de/international/germany/0,1518,643961,00.html"
FirstEnergy,"http://www.earthtimes.org/articles/show/firstenergy-solutions-provides-green-offsets,362227.shtml"
FIS,
Fiserv,http://investors.fiserv.com/releasedetail.cfm?releaseid=344742
Fleetcor,https://www.investors.com/news/management/leaders-and-success/fleetcor-ceo-ron-clarke-turns-winning-career-home-run/
FMC Corporation,http://www.furadanfacts.com/
Ford Motor Company,https://web.archive.org/web/20170222032217/http://www.nps.gov/nhl/find/statelists/mi/FordPiquette.pdf
Fortinet,https://www.fortinet.com/
Fortive,https://finance.yahoo.com/news/danaher-completes-fortive-spin-off-125312990.html
Fox Corporation (Class A),https://variety.com/2018/tv/news/21st-century-fox-new-name-disney-1203028619/
Fox Corporation (Class B),https://variety.com/2018/tv/news/21st-century-fox-new-name-disney-1203028619/
Franklin Templeton,https://www.franklintempleton.com/retail/jsp_cm/corp/press/2001/world_trade_091301.jsp
Freeport-McMoRan,http://www.businesswire.com/news/home/20121205005855/en/Freeport-McMoRan-Copper-Gold-Acquire-Plains-Exploration-Production
Garmin,http://www.huffingtonpost.co.uk/2012/11/20/garmin-founder-min-kao-on-the-twists-and-turns-of-gps_n_2165986.html
Gartner,https://www.gartner.com/
GE HealthCare,http://www.economist.com/opinion/displaystory.cfm?story_id=15879369
Gen Digital,http://www.allbusiness.com/company-activities-management/board-management/7109119-1.html
Generac,http://www.jsonline.com/business/generac-to-add-over-400-jobs-at-state-plants-vo2us07-133366008.html
General Dynamics,https://web.archive.org/web/20081112045623/http://www.centennialofflight.gov/essay/Aerospace/generaldynamics/Aero35.htm
General Electric,http://www.desertskywind.com/news05022002.htm
General Mills,http://www.generalmills.com/
General Motors,https://www.idref.fr/031285201
Genuine Parts Company,http://www.genpt.com/
Gilead Sciences,http://www.gilead.com/pr_881419
Globe Life,http://globelifeinsurance.com/
Global Payments,https://www.wsj.com/articles/SB10001424052702303816504577313411294908868
Goldman Sachs,https://www.theguardian.com/business/2007/dec/21/goldmansachs.useconomy
Halliburton,http://www.halliburtonwatch.org/news/kbr_sale.html
Hartford (The),http://connecticuthistory.org/the-charter-oak-fell/
Hasbro,http://www.byjenniferoconnell.com/2012/11/hasbro-knows-all-about-selling-to-kids.html
HCA Healthcare,http://investor.hcahealthcare.com/sites/hcahealthcare.investorhq.businesswire.com/files/report/file/HCA_2015_Annual_Report_Web_Version.pdf
Healthpeak,https://www.sec.gov/ix?doc=/Archives/edgar/data/765880/000162828020001456/healthpeak10-k12312019.htm
Henry Schein,http://chiefexecutive.net/henry-schein-ceo-stan-bergman-shows-business-leaders-ace-acquisitions/
Hershey's,http://www.hersheyarchives.org/resources/search-results.aspx?Type=Search&Text=Hershey's+Chocolate+World
Hess Corporation,http://www.hess.com/company
Hewlett Packard Enterprise,https://www.hpe.com/us/en/ww-office-locations.html
Hilton Worldwide,http://www.hiltonworldwide.com/contactus/index.htm
Hologic,https://web.archive.org/web/20181001220533/https://www.reuters.com/article/us-hologic-icahn/hologic-names-new-ceo-adds-two-icahn-nominees-to-board-idUSBRE9B80O620131209
Home Depot (The),http://ext.homedepot.com/community/blog/on-the-anniversary-of-the-first-stores-remembering-the-home-depots-roots/
Honeywell,http://www.honeywell.com/sites/honeywell/ourhistory.htm
Hormel Foods,http://www.hormelfoods.com/Newsroom/Press-Releases/2011/03/20110330
Host Hotels & Resorts,https://www.washingtonpost.com/archive/business/1981/12/21/the-marriott-snack-attack/b24bfbfc-a3d7-453b-b096-e9460b1ffd39/
Howmet Aerospace,https://www.nyse.com/quote/XNYS:HWM
HP Inc.,https://www.nyse.com/quote/XNYS:HPQ/company
Humana,http://www.huffingtonpost.com/dawn-teo/humana-mailer-targets-eld_b_289421.html
Huntington Bancshares,http://www.toledoblade.com/local/2010/04/16/Downtown-Toledo-arena-gets-a-new-name-bank-agrees-to-purchase-rights-for-2-1-million.html
Huntington Ingalls Industries,https://www.sec.gov/Archives/edgar/data/1501585/000150158515000005/hii201410-k.htm
IBM,https://www.ibm.com/blogs/cloud-computing/2015/10/a-billion-reasons-you-want-to-encrypt-your-data/?S_TACT=C34409NW&S_TACT=C34409NW&S_TACT=C34409NW&S_TACT=C34409NW
IDEX Corporation,https://www.nyse.com/quote/XNYS:IEX
Idexx Laboratories,http://www.chicagotribune.com/lifestyles/pets/sns-201508251830--tms--petwrldctnya-a20150826-20150826-column.html
Illinois Tool Works,http://www.bis.doc.gov/news/archive2000/illinoistoolworks.htm
Illumina,http://investor.illumina.com/phoenix.zhtml?c=121127&p=irol-newsArticle&ID=1515240
Incyte,http://www.businessinsider.com/fda-rejects-lilly-and-incytes-baricitinib-2017-4
Ingersoll Rand,http://news.moneycentral.msn.com/provider/providerarticle.aspx?feed=MW&date=20090423&id=9833173
Insulet,http://professional.diabetes.org/Abstracts_Display.aspx?TYP=1&CID=70361
Intel,http://www.computerhistory.org/semiconductor/timeline/1969-Schottky.html
Intercontinental Exchange,http://digitalcommons.law.umaryland.edu/cong_test/27/
International Flavors & Fragrances,http://www.iff.com/
International Paper,http://internationalpaper.com/
Interpublic Group of Companies (The),https://www.nyse.com/quote/XNYS:IPG
Intuit,http://www.intuit.com/about_intuit/press_room/fast_facts/
Intuitive Surgical,http://www.intuitivesurgical.com/corporate/companyprofile/index.aspx
Invesco,http://www.invesco.com/about/index.html
Invitation Homes,https://www.dmagazine.com/publications/d-ceo/2018/april/invitation-homes-rental-dallas/
IQVIA,http://www.businesswire.com/news/home/20171106005380/en/QuintilesIMS-IQVIA
Iron Mountain,http://www.wilhelm-research.com/nppa/NPPA_Corbis_Preservation.pdf
J.B. Hunt,https://www.jbhunt.com/
Jack Henry & Associates,http://www.jackhenry.com/Default.aspx?P=b0d5a359-4a9e-4604-a4bb-9b31afab5da5
Jacobs Solutions,http://www.startribune.com/business/283647381.html
Johnson & Johnson,http://greenrankings.newsweek.com/
Johnson Controls,http://filecache.drivetheweb.com/mr4enh_johnsoncontrols/9477/005071214Johnson.pdf
JPMorgan Chase,http://www.muslimglobal.com/2017/09/jpmorgan-to-hire-more-than-3000-people.html
Juniper Networks,http://www.juniper.net/
Kellogg's,https://web.archive.org/web/20140425090324/http://filecache.drivetheweb.com/mr5mr_kelloggs/194590/download/K+fact+sheet_FINAL+2+11+14+(2).pdf
Keurig Dr Pepper,http://www.teaandcoffee.net/0404/retail.htm
KeyCorp,https://www.nytimes.com/1993/10/05/business/keycorp-society-deal-is-merger-of-equals.html
Keysight,http://ww2.frost.com/news/press-releases/frost-sullivan-lauds-keysight-technologies-maintaining-its-lead-instrumentation-software-market/
Kimberly-Clark,http://www.kimberly-clark.com/Timeline.aspx
Kimco Realty,https://www.kimcorealty.com/
Kinder Morgan,http://www.kindermorgan.com/about_us/about_us_corp_profile.cfm/
KLA Corporation,https://ipira.berkeley.edu/onwafer-technologies-inc
Kraft Heinz,http://www.kraftheinzcompany.com/KraftHeinzCompany_FactSheet.pdf
Kroger,https://web.archive.org/web/20121018233040/http://www.thekrogerco.com/about-kroger/operations
L3Harris,"https://www.l3harris.com/press-releases/2019/07/87386/l3harris-technologies-merger-successfully-completed;-board-of-directors,-leadership-and-organization-structure-announced"
LabCorp,https://www.genomeweb.com/dxpgx/labcorp-buy-genzyme-genetics-925m
Lam Research,http://investor.lamresearch.com/secfiling.cfm?filingid=912057-96-20899&cik=
Lamb Weston,https://investors.lambweston.com/~/media/Files/L/Lamb-Weston-IR/documents/18-0619-corporate-factsheet.pdf
Las Vegas Sands,http://investor.lasvegassands.com/releasedetail.cfm?ReleaseID=705718
Leidos,http://www.leidos.com/
Lennar,https://www.sec.gov/cgi-bin/browse-edgar?action=getcompany&CIK=LEN
Lincoln Financial,http://www.lincolnfinancialfield.com/news/News.asp?story_id=119
Linde plc,http://www.thejakartapost.com/news/2011/06/11/linde-indonesia-build-rp-1-trillion-air-separation-plant.html
Live Nation Entertainment,http://www.ticketnews.com/Ticketmaster-Live-Nation-merger-twenty-five-thousand-contact-DOJ-to-oppose-the-deal11019818
LKQ Corporation,http://www.chicagobusiness.com/article/20111011/NEWS07/111019970/lkq-founder-donald-flynn-dies
Lockheed Martin,http://lockheedmartin-veterans.jobs/marietta-ga/labor-relations-representative/30654895/job/
Loews Corporation,http://biz.yahoo.com/ic/10/10905.html
Lowe's,http://beta.fortune.com/fortune500/lowes-47
Lumen Technologies,http://www.reviewjournal.com/business/centurylink-launches-1-gbps-internet-service-las-vegas
LyondellBasell,http://www.lyondellbasell.com/
M&T Bank,http://www.bizjournals.com/buffalo/news/2014/06/18/drug-money-laundering-probe-costs-m-t-560.html?page=all
Marathon Oil,"https://news.google.com/newspapers?nid=266&dat=19970516&id=BPMrAAAAIBAJ&sjid=52wFAAAAIBAJ&pg=1760,1342798&hl=en"
Marathon Petroleum,http://www.marathonpetroleum.com/Operations/Refining_and_Marketing/Refining/
MarketAxess,https://www.fi-desk.com/marketaxess-reports-record-electronic-trading-volumes-for-january/
Marriott International,https://www.bloomberg.com/news/2012-02-22/romney-as-auditing-chairman-saw-marriott-son-of-boss-tax-shelter-defy-irs.html
Marsh McLennan,http://mmc.com/about/history.php
Martin Marietta Materials,http://www.martinmarietta.com/
Masco,http://www.masco.com/
Mastercard,http://news.biharprabha.com/2014/04/mastercard-to-acquire-business-reward-services-provider-pinpoint/
Match Group,https://www.theverge.com/2015/11/19/9760922/match-group-ipo-tinder-okcupid-nyse
McCormick & Company,http://www.fundinguniverse.com/company-histories/McCormick-amp;-Company-Incorporated-Company-History.html
McDonald's,https://qz.com/965779/mcdonalds-isnt-really-a-fast-food-chain-its-a-brilliant-30-billion-real-estate-company/
McKesson,http://www.businesswire.com/news/home/20050815005419/en/McKesson-Completes-Acquisition-Medcon-Ltd.
Medtronic,http://wwwp.medtronic.com/Newsroom/NewsReleaseDetails.do?itemId=1242054328624&lang=en_US
Merck & Co.,http://ktar.com/?nid=6&sid=842595&r=1
Meta Platforms,https://www.ozy.com/opinion/too-big-not-to-fail/94567
MetLife,https://www.wsj.com/articles/metlife-ceo-kandarian-got-15-2-million-pay-package-for-2014-1425651258
Mettler Toledo,http://www.company-histories.com/MettlerToledo-International-Inc-Company-History.html
MGM Resorts,http://www.lasvegassun.com/news/2010/jun/15/mgm-mirage-changes-name-now-mgm-resorts-internatio/
Microchip Technology,http://www.eetimes.com/electronics-news/4088552/Microchip-completes-SST-acquisition
Micron Technology,http://investors.micron.com/releasedetail.cfm?ReleaseID=646118
Microsoft,http://www.scotsman.com/news/vista-gives-microsoft-view-of-record-profit-1-1316524
Mid-America Apartment Communities,https://www.sec.gov/cgi-bin/browse-edgar?action=getcompany&CIK=MAA
Moderna,https://www.bostonglobe.com/business/2013/03/20/moderna-therapeutics-receive-million-license-its-technology-drug-giant-astrazeneca/VAFlMn2lZaCDZ6A0oyHKSI/story.html
Mohawk Industries,http://www.dailygazette.com/weblogs/bcudmore/2010/aug/30/83010_cudmore/
Molina Healthcare,http://www.alacrastore.com/mergers-acquisitions/Molina_Healthcare_Inc-2518417
Molson Coors Beverage Company,http://invest-iq.net/2012/04/cvc-starbev-sale/
Mondelez International,http://www.mondelezinternational.com/~/media/MondelezCorporate/Uploads/downloads/mondelez_intl_fact_sheet.pdf
Monolithic Power Systems,http://www.insidertradingreport.org/monolithic-power-systems-inc-short-interest-update/6187138/
Monster Beverage,http://www.hansens.com/news_and_events/current_news.php?id=39
Moody's Corporation,http://www.moodys.com/
Morgan Stanley,http://www.lowermanhattan.info/news/morgan_stanley_to_move_52052.aspx
Mosaic Company (The),http://www.businessweek.com/news/2013-11-05/mosaic-says-fertilizer-prices-to-remain-challenging-into-2014
Motorola Solutions,https://www.motorolasolutions.com/
MSCI,http://ir.msci.com/faq.cfm
"Nasdaq, Inc.",http://news.bbc.co.uk/2/hi/business/6351555.stm
NetApp,http://www.news.com/NetApp-files-patent-suit-against-Sun/2100-1014_3-6206194.html
Netflix,https://www.hollywoodreporter.com/tv/tv-features/netflix-backlash-why-hollywood-fears-928428/
Newell Brands,https://www.newellbrands.com/our-brands
Newmont,https://www.reuters.com/article/us-mining-gold-newmont-mining/newmonts-indonesia-mine-sale-closure-may-slip-into-fourth-quarter-ceo-idUSKCN11P2GW
News Corp (Class A),https://www.bloomberg.com/news/2012-12-03/news-corp-moves-ahead-with-split-gives-names-for-new-companies.html
News Corp (Class B),https://www.bloomberg.com/news/2012-12-03/news-corp-moves-ahead-with-split-gives-names-for-new-companies.html
NextEra Energy,http://www.nexteraenergy.com/company/subsidiaries.html
"Nike, Inc.",http://www.oregonlive.com/business/index.ssf/2008/07/nikes_just_do_it_slogan_celebr.html
NiSource,http://www.nisource.com/
Nordson Corporation,http://www.industryweek.com/articles/nordson_swainsboro_assembly_facility_iw_best_plants_profile_2008_18034.aspx
Norfolk Southern Railway,http://www.nscorp.com/nscportal/nscorp/Media/News%20Releases/2008/news051508_2.html
Northern Trust,http://www.chicagoarchitecture.info/Building/1321/The-Northern-Trust-Company-Building.php
Northrop Grumman,https://www.northropgrumman.com/who-we-are/business-sectors/aeronautics-systems/
Norwegian Cruise Line Holdings,http://www.investor.ncl.com/secfiling.cfm?filingID=1571049-14-3533&CIK=1513761
NRG Energy,http://www.nrgenergy.com/pdf/Projectlist.pdf
Nucor,https://www.upi.com/Nucor-buys-Corus-Tuscaloosa/87351086713980/
Nvidia,https://web.archive.org/web/20171116192021/http://fortune.com/2017/11/16/nvidia-ceo-jensen-huang/
"NVR, Inc.",https://www.nyse.com/quote/XNYS:NVR
NXP Semiconductors,http://www.nxp.com/news/content/file_1743.html
O'Reilly Auto Parts,https://corporate.oreillyauto.com/corporate/History.do?subid=22561&linkTitle=History
Occidental Petroleum,http://news.bbc.co.uk/2/hi/uk_news/scotland/7438774.stm
Old Dominion,http://olddominionband.com/about
Omnicom Group,http://www.omnicomgroup.com/
ON Semiconductor,https://ecee.colorado.edu/~bart/book/hotprobe.htm
ONEOK,https://ir.oneok.com/
Oracle Corporation,http://www.eweek.com/c/a/Enterprise-Applications/Oracle-to-Boost-Data-Management-With-Endeca-Buy-517167/
Organon & Co.,https://web.archive.org/web/20050309062056/http://www.organon.com/about/facts/history/index.asp?ComponentID=10448&SourcePageID=9171
Otis Worldwide,http://www.otisworldwide.com/pdf/Otis_Fact_Sheet_2011-2.pdf
Paccar,http://www.paccar.com/heritage/history2.asp
Packaging Corporation of America,http://packagingcorp.com/
Paramount Global,https://ir.viacomcbs.com/node/46046/html
Parker Hannifin,http://www.parker.com/parkerimages/Parker.com/About%20Us/Literature/Certificate%20of%20Property%20Insurance.pdf
Paychex,https://www.cnbc.com/2019/10/02/paychex-ceo-small-business-hiring-picked-up-despite-slowdown-worries.html
Paycom,http://journalrecord.com/2011/08/25/paycom-ceo-predicts-company-growth-finance/
PayPal,http://news.softpedia.com/news/PayPal-Creates-Student-Accounts-For-Teens-118965.shtml
Pentair,http://www.fundinguniverse.com/company-histories/Pentair-Inc-Company-History.html
PepsiCo,http://www.istockanalyst.com/article/viewarticle/articleid/4311403
PerkinElmer,http://www.perkinelmer.com/AboutUs/PressRoom/PressReleaseDetails/ArticleId/69844?userid=1222023&cid=1652&l=en
Pfizer,https://casetext.com/case/rost-v-pfizer-2
PG&E Corporation,http://www.pgecorp.com/150_non_flash/index.html
Philip Morris International,http://www.philipmorrisinternational.com/PMINTL/pages/eng/ourbus/Where_to_find_us.asp
Phillips 66,http://www.historicpreservationalliance.com/WichitaHPA/phillips66.html
Pinnacle West,http://pinnaclewest.com/
Pioneer Natural Resources,https://globenewswire.com/news-release/2014/08/04/655854/10092844/en/LINN-Energy-Announces-340-Million-Acquisition-From-Pioneer-Natural-Resources.html
PNC Financial Services,https://viaf.org/viaf/138738904
Pool Corporation,https://www.poolcorp.com/
PPG Industries,http://ppg.com/
PPL Corporation,http://www.pplweb.com/
Principal Financial Group,http://www.principal.com/
Procter & Gamble,http://www.piercemattie.com/blogs/2006/02/dial_agrees_to_buy_pg_deodoran.html
Progressive Corporation,http://newsroom.progressive.com/2009/december/progressive-enters-australia.aspx
Prologis,https://dealbook.nytimes.com/2011/01/31/prologis-and-amb-agree-to-merge/
Prudential Financial,http://biz.yahoo.com/ic/40/40377.html
Public Service Enterprise Group,http://oceanservice.noaa.gov/programs/ocrm/jonesnoaa/supp_2001winners.html
PTC,
Public Storage,http://www.oregonlive.com/gresham/index.ssf/2012/12/storage_unit_auction_bidders_s.html
PulteGroup,https://www.usatoday.com/story/money/markets/2016/09/08/pultegroup-appoints-ryan-marshall-new-ceo/90002040/
Qorvo,http://www.bizjournals.com/portland/blog/2014/09/qorvo-the-company-formerly-known-as-triquint.html
Quanta Services,http://www.quantaservices.com/
Qualcomm,http://www.utsandiego.com/news/2013/Nov/26/Qualcomm-Omnitracs-Vista-Equity-partners/
Quest Diagnostics,http://www.questdiagnostics.com/brand/business/b_bus_lab_presence.html
Ralph Lauren Corporation,http://global.ralphlauren.com/en-us/about/pages/locations.aspx
Raymond James,http://www.raymondjames.com/about/timeline/
Raytheon Technologies,https://web.archive.org/web/20150704133159/http://www.corpwatch.org/article.php?list=type&type=14
Realty Income,https://www.fool.com/investing/general/2015/06/03/realty-income-corporation-how-one-taco-bell-evolve.aspx
Regency Centers,https://www.reuters.com/article/us-regencycenters-idUSBRE97C0XV20130813
Regeneron,https://www.regeneron.com/covid19
Regions Financial Corporation,https://www.regions.com/
Republic Services,http://www.republicservices.com/
ResMed,https://web.archive.org/web/20170728121330/http://sdbj.com/news/2013/feb/20/founder-resmed-step-down-ceo-mick-farrell-take-top/
Robert Half,https://web.archive.org/web/20130621082120/http://www.roberthalf.be/robert-half-international-history
Rockwell Automation,http://phx.corporate-ir.net/phoenix.zhtml?c=196186&p=irol-newsArticle&ID=825704&highlight=
"Rollins, Inc.",https://www.bloomberg.com/research/stocks/people/person.asp?personId=300757&ticker=ROL
Roper Technologies,http://www.prnewswire.com/news-releases/roper-industries-announces-name-change-to-roper-technologies-300071965.html
Ross Stores,https://www.rossstores.com/
Royal Caribbean Group,http://www.islandcruises.com/downloads/12.pdf
S&P Global,http://www.platts.com/About%20Platts/history.html
Salesforce,http://www.destinationcrm.com/Articles/CRM-News/Daily-News/Salesforce.com-IPO-Raises-$110-Million-44252.aspx
SBA Communications,http://www.sbasite.com/
Schlumberger,http://www.marketwatch.com/story/schlumberger-to-buy-geoservices-for-11-billion-2010-03-25?reflink=MW_news_stmp
Seagate Technology,http://www.siliconbeat.com/2009/02/10/ousted-seagate-ceo-to-get-5m-company-wont-contest-any-unemployment-claim
Sealed Air,http://topics.nytimes.com/top/news/business/companies/sealed_air_corporation/
Sempra Energy,http://news.bbc.co.uk/1/hi/business/8340627.stm
ServiceNow,https://www.bloomberg.com/news/articles/2012-06-29/servicenow-advances-in-debut-after-210-million-ipo
Sherwin-Williams,http://coatings.specialchem.com/editorial/columbia-paint-coatings-co-to-merge-with-sherwin-williams-hercules-acquires-specialty-surfactant-7763
Simon Property Group,http://www.djc.com/news/re/10008055.html
Skyworks Solutions,https://www.sec.gov/cgi-bin/browse-edgar?action=getcompany&CIK=SWKS
J.M. Smucker Company (The),http://www.allbusiness.com/food-beverage/food-industry-food-mfg-miscellaneous/5198303-1.html
Snap-on,https://www.bizjournals.com/milwaukee/news/2013/12/18/snap-on-expands-hand-tool-facility.html
SolarEdge,http://solaredge.com/
Southern Company,http://www.southerncompany.com/corporateresponsibility/electricity/performance.aspx
Southwest Airlines,http://www.businessinsider.com/this-airlines-flight-attendants-vow-planes-full-of-people-by-singing-2012-3
Stanley Black & Decker,http://www.stanleyworks.com/a_history.asp
Starbucks,https://web.archive.org/web/20131215004220/http://blog.keyhole.co/post/69080821142/starbucks-tweetacoffee-campaign-generated-180-000-in
State Street Corporation,http://www.fundinguniverse.com/company-histories/state-street-corporation-history/
Steel Dynamics,https://ir.steeldynamics.com/profiles/investor/ResLibraryView.asp?ResLibraryID=62495
Steris,https://www.steris.com/about/company
Stryker Corporation,http://phx.corporate-ir.net/phoenix.zhtml?c=118965&p=irol-news
Synchrony Financial,https://www.reuters.com/article/us-synchronyfinancial-ipo-idUSKBN0G000O20140731
Synopsys,https://www.synopsys.com/company/acquisitions.html
Sysco,http://www.chron.com/CDA/archives/archive.mpl/1996_1372095/sysco-goes-to-court-vs-riostar-chapter-7-sought-fo.html
T-Mobile US,http://www.t-mobile.com/Company/CompanyInfo.aspx?tp=Abt_Tab_CompanyOverview
T. Rowe Price,http://www.troweprice.com/
Take-Two Interactive,http://www.gamespot.com/pc/strategy/civilization2/news.html?sid=6113971&mode=all
"Tapestry, Inc.",http://www.tapestry.com/
Targa Resources,http://www.targaresources.com/
Target Corporation,http://siteanalytics.compete.com/target.com?metric=uv
TE Connectivity,http://teconnectivity.mediaroom.com/index.php?s=28396&item=83412
Teledyne Technologies,http://www.alleghenytechnologies.com/pages/AboutUs/history.html
Teleflex,http://www.bizjournals.com/philadelphia/news/2012/08/14/teleflex-buying-lma-international-for.html
Teradyne,http://www.fundinguniverse.com/company-histories/Teradyne-Inc-company-History.html
"Tesla, Inc.",https://www.businessinsider.com/tesla-the-origin-story-2014-10
Texas Instruments,http://www.ti.com/corp/docs/company/technology_innovation.html
Textron,http://www.textron.com/
Thermo Fisher Scientific,http://ir.thermofisher.com/phoenix.zhtml?c=89145&p=irol-newsArticle&ID=929319&highlight=
TJX Companies,http://www.myfoxtwincities.com/myfox/pages/Home/Detail?contentId=2804836&version=3&locale=EN-US&layoutCode=TSTY&pageId=1.1.1
Tractor Supply,http://www.tractorsupply.com/
Trane Technologies,http://www.trane.com/Corporate/IR2007/index.asp
TransDigm Group,https://www.nyse.com/quote/XNYS:TDG
Travelers Companies (The),"http://nl.newsbank.com/nl-search/we/Archives?p_product=ADSB&s_site=azstarnet&f_site=azstarnet&f_sitename=Arizona+Daily+Star,+The+(AZ)&p_multi=ADSB&p_theme=gannett&p_action=search&p_maxdocs=200&p_topdoc=1&p_text_direct-0=0EACE5C5584F1647&p_field_direct-0=document_id&p_perpage=10&p_sort=YMD_date:D&s_trackval=GooglePM"
Trimble Inc.,http://www.siliconinvestor.com/readreplies.aspx?msgid=14262898&subjectid=9615
Truist,http://www.prnewswire.com/news-releases/bbt-to-acquire-maryland-federal-bancorp-inc-76894797.html
Tyler Technologies,https://www.infosnap.com/charter-schools/sis-integrations/schoolmaster/
Tyson Foods,https://web.archive.org/web/20170805015405/http://naples.floridaweekly.com/news/2017-05-11/The_Motley_Fool/Last_weeks_trivia_answer.html
U.S. Bank,http://www.usbanklocations.com/map.php?zoom=4&lat=40.80986591873317&lon=-100.512861090625&name=U.S.+Bank
"UDR, Inc.",https://www.sec.gov/cgi-bin/browse-edgar?action=getcompany&CIK=UDR
Ulta Beauty,"http://www.chicagotribune.com/business/ct-biz-10-million-ceos-2011,0,7297535.photogallery"
Union Pacific Corporation,https://www.up.com/cs/groups/public/@uprr/@investor/documents/investordocuments/pdf_upc_10k_02062015.pdf
United Airlines Holdings,http://www.uahf.org/united_history_01.asp
United Parcel Service,http://www.cnn.com/US/9708/20/ups.update.early/
United Rentals,https://www.unitedrentals.com/sites/default/files/investor_presentation/Company%20and%20Industry%20Background%20First%20Quarter%202017FI_04%2019%2017.pdf
UnitedHealth Group,http://www.oag.state.ny.us/press/2008/feb/feb13a_08.html
Universal Health Services,http://articles.philly.com/2010-11-16/business/24952973_1_psychiatric-solutions-uhs-psi-facilities
Valero Energy,http://www.valero.com/
Ventas,
Verisign,http://www.marketwatch.com/story/verisign-boosts-profit-23-on-revenue-margins-2013-07-25
Verisk,http://www.verisk.com/
Verizon,https://www.verizon.com/about/sites/default/files/Verizon_Fact_Sheet.pdf
Vertex Pharmaceuticals,http://investors.vrtx.com/releasedetail.cfm?ReleaseID=532555
VF Corporation,https://www.nyse.com/quote/XNYS:VFC
Viatris,https://www.bizjournals.com/pittsburgh/news/2020/11/16/after-nearly-60-years-mylan-makes-way-for-viatris.html
Vici Properties,http://infoweb.newsbank.com/resources/openurl?ctx_ver=z39.88-2004&rft_dat=document_id:news%252F1675F9FA5F091568&rft_id=info:sid/infoweb.newsbank.com&rft_val_format=info:ofi/fmt:kev:mtx:ctx&svc_dat=AWNB&req_dat=1028A39C75C2B899
Visa Inc.,http://nl.newsbank.com/nl-search/we/Archives?p_product=SJ&s_site=mercurynews&p_multi=SJ&p_theme=realcities&p_action=search&p_maxdocs=200&p_topdoc=1&p_text_direct-0=0EB71EB44CAF454E&p_field_direct-0=document_id&p_perpage=10&p_sort=YMD_date:D&s_trackval=GooglePM
Vulcan Materials Company,http://www.vulcanmaterials.com/
Wabtec,http://www.motivepower-wabtec.com/about/history.php
Walgreens Boots Alliance,https://www.bloomberg.com/news/articles/2017-09-19/walgreens-pact-to-buy-fewer-rite-aid-stores-wins-u-s-approval
Walmart,http://corporate.walmart.com/our-story/our-business/
Warner Bros. Discovery,https://www.cnbc.com/2021/05/17/att-to-combine-warnermedia-and-discovery-assets-to-create-a-new-standalone-company.html
Waste Management,http://www.victorianweb.org/history/chadwick2.html
Waters Corporation,http://www.lcgcmag.com/lcgc/article/articleDetail.jsp?id=172945&pageID=5
WEC Energy Group,http://www.wecenergygroup.com/
Wells Fargo,https://techcrunch.com/2017/03/27/wells-fargo-lets-you-use-apple-pay-and-android-pay-to-withdraw-money/
Welltower,https://www.thestreet.com/story/13306663/1/health-care-reit-becomes-welltower-driving-innovation-value-and-the-transformation-of-health-care-infrastructure.html
West Pharmaceutical Services,https://www.nyse.com/quote/XNYS:WST
Western Digital,http://www.wdc.com/acrobat/25thbroc.pdf
WestRock,http://globenewswire.com/news-release/2015/07/01/749119/10140347/en/WestRock-Company-Formed-with-Completion-of-Merger-of-MeadWestvaco-and-RockTenn.html
Weyerhaeuser,http://www.weyerhaeuser.com/
Whirlpool Corporation,http://putnamsentinel.com/main.asp?SectionID=1&SubSectionID=1&ArticleID=6367
Williams Companies,http://www.tulsaworld.com/business/article.aspx?subjectid=49&articleid=20101013_49_E1_CUTLIN413143
Willis Towers Watson,https://www.cnbc.com/2015/06/30/willis-group-towers-watson-to-merge-in-18b-deal.html
W. W. Grainger,http://invest.grainger.com/phoenix.zhtml?c=76754&p=irol-newsArticle&ID=2162129
Wynn Resorts,http://wynnresorts.com/
Xcel Energy,http://www.xcelenergy.com/Minnesota/Company/About_Energy_and_Rates/Power%20Generation/Pages/NuclearPower.aspx
Xylem Inc.,http://investors.xyleminc.com/phoenix.zhtml?c=247373&p=irol-newsArticle&ID=1782685&highlight=
Yum! Brands,https://www.sec.gov/ix?doc=/Archives/edgar/data/1041061/000104106117000016/yum10k12312016.htm
Zebra Technologies,http://www.rfidjournal.com/articles/view?6652
Zimmer Biomet,http://investor.zimmerbiomet.com/news-and-events/news/2014/01-10-2014-192141578
Zions Bancorporation,http://zionsbancorporation.com/
Zoetis,https://finance.yahoo.com/news/zoetis-raises-2-2-billion-124704383.html
